Model Name,GPU Type,Num GPUs,Batch Size,Input Token Length,Output Token Length,Avg Prefill Time (s),Avg Decode Time (s)
google/gemma-2-9b,NVIDIA RTX 6000 Ada Generation,1,1,32,4,0.02663332223892212,0.06910374164581298
google/gemma-2-9b,NVIDIA RTX 6000 Ada Generation,1,2,32,4,0.025067555904388427,0.06981148719787597
google/gemma-2-9b,NVIDIA RTX 6000 Ada Generation,1,4,32,4,0.026905620098114015,0.07013707160949706
google/gemma-2-9b,NVIDIA RTX 6000 Ada Generation,1,8,32,4,0.029085028171539306,0.07122882604598998
google/gemma-2-9b,NVIDIA RTX 6000 Ada Generation,1,16,32,4,0.0401341438293457,0.07520623207092285
google/gemma-2-9b,NVIDIA RTX 6000 Ada Generation,1,32,32,4,0.07033946514129638,0.07871907949447632
google/gemma-2-9b,NVIDIA RTX 6000 Ada Generation,1,64,32,4,0.12884893417358398,0.09087831974029542
google/gemma-2-9b,NVIDIA RTX 6000 Ada Generation,1,128,32,4,0.25940641164779665,0.1090046763420105
google/gemma-2-9b,NVIDIA RTX 6000 Ada Generation,1,1,32,8,0.024404489994049074,0.16124886274337769
google/gemma-2-9b,NVIDIA RTX 6000 Ada Generation,1,2,32,8,0.02522486448287964,0.16348166465759278
google/gemma-2-9b,NVIDIA RTX 6000 Ada Generation,1,4,32,8,0.026998329162597656,0.16345633268356324
google/gemma-2-9b,NVIDIA RTX 6000 Ada Generation,1,8,32,8,0.02876523733139038,0.16605504751205444
google/gemma-2-9b,NVIDIA RTX 6000 Ada Generation,1,16,32,8,0.04013745784759522,0.17246013879776
google/gemma-2-9b,NVIDIA RTX 6000 Ada Generation,1,32,32,8,0.0707085132598877,0.18216465711593627
google/gemma-2-9b,NVIDIA RTX 6000 Ada Generation,1,64,32,8,0.13018046617507933,0.20660576820373538
google/gemma-2-9b,NVIDIA RTX 6000 Ada Generation,1,128,32,8,0.26128478050231935,0.24847927093505856
google/gemma-2-9b,NVIDIA RTX 6000 Ada Generation,1,1,32,16,0.024428200721740723,0.34527785778045655
google/gemma-2-9b,NVIDIA RTX 6000 Ada Generation,1,2,32,16,0.025248539447784425,0.3494443416595459
google/gemma-2-9b,NVIDIA RTX 6000 Ada Generation,1,4,32,16,0.02708219289779663,0.3500373840332031
google/gemma-2-9b,NVIDIA RTX 6000 Ada Generation,1,8,32,16,0.02911149263381958,0.35519133806228637
google/gemma-2-9b,NVIDIA RTX 6000 Ada Generation,1,16,32,16,0.04080092906951904,0.36619398593902586
google/gemma-2-9b,NVIDIA RTX 6000 Ada Generation,1,32,32,16,0.07131491899490357,0.3868747115135193
google/gemma-2-9b,NVIDIA RTX 6000 Ada Generation,1,64,32,16,0.13056700229644774,0.4395602941513062
google/gemma-2-9b,NVIDIA RTX 6000 Ada Generation,1,128,32,16,0.26241527795791625,0.5373974442481995
google/gemma-2-9b,NVIDIA RTX 6000 Ada Generation,1,1,32,32,0.0244032621383667,0.7124600052833556
google/gemma-2-9b,NVIDIA RTX 6000 Ada Generation,1,2,32,32,0.02523326873779297,0.7219092726707459
google/gemma-2-9b,NVIDIA RTX 6000 Ada Generation,1,4,32,32,0.027240169048309327,0.7255626678466798
google/gemma-2-9b,NVIDIA RTX 6000 Ada Generation,1,8,32,32,0.029062700271606446,0.7338454484939576
google/gemma-2-9b,NVIDIA RTX 6000 Ada Generation,1,16,32,32,0.04111623764038086,0.7545643448829651
google/gemma-2-9b,NVIDIA RTX 6000 Ada Generation,1,32,32,32,0.07515453100204468,0.7982242941856383
google/gemma-2-9b,NVIDIA RTX 6000 Ada Generation,1,64,32,32,0.1299684762954712,0.9203185677528383
google/gemma-2-9b,NVIDIA RTX 6000 Ada Generation,1,128,32,32,0.26228938102722166,1.1220400810241697
google/gemma-2-9b,NVIDIA RTX 6000 Ada Generation,1,1,32,64,0.02438061237335205,1.4491058588027954
google/gemma-2-9b,NVIDIA RTX 6000 Ada Generation,1,2,32,64,0.025361037254333495,1.4730679988861084
google/gemma-2-9b,NVIDIA RTX 6000 Ada Generation,1,4,32,64,0.02739872932434082,1.489813542366028
google/gemma-2-9b,NVIDIA RTX 6000 Ada Generation,1,8,32,64,0.029408204555511474,1.501527976989746
google/gemma-2-9b,NVIDIA RTX 6000 Ada Generation,1,16,32,64,0.04260938167572022,1.5436674714088439
google/gemma-2-9b,NVIDIA RTX 6000 Ada Generation,1,32,32,64,0.07521630525588989,1.6433143973350526
google/gemma-2-9b,NVIDIA RTX 6000 Ada Generation,1,64,32,64,0.1334467887878418,1.9092803001403809
google/gemma-2-9b,NVIDIA RTX 6000 Ada Generation,1,128,32,64,0.2660910844802856,2.3571520805358888
google/gemma-2-9b,NVIDIA RTX 6000 Ada Generation,1,1,32,128,0.024534225463867188,2.9315284371376036
google/gemma-2-9b,NVIDIA RTX 6000 Ada Generation,1,2,32,128,0.025462591648101808,2.9758782386779785
google/gemma-2-9b,NVIDIA RTX 6000 Ada Generation,1,4,32,128,0.02744261026382446,2.988710868358612
google/gemma-2-9b,NVIDIA RTX 6000 Ada Generation,1,8,32,128,0.029857218265533447,3.0428217172622682
google/gemma-2-9b,NVIDIA RTX 6000 Ada Generation,1,16,32,128,0.042997467517852786,3.1477255105972293
google/gemma-2-9b,NVIDIA RTX 6000 Ada Generation,1,32,32,128,0.07389266490936279,3.3811415076255797
google/gemma-2-9b,NVIDIA RTX 6000 Ada Generation,1,64,32,128,0.1338895082473755,3.954275047779083
google/gemma-2-9b,NVIDIA RTX 6000 Ada Generation,1,128,32,128,0.2706414580345154,4.95904334783554
google/gemma-2-9b,NVIDIA RTX 6000 Ada Generation,1,1,32,256,0.024374163150787352,5.88291506767273
google/gemma-2-9b,NVIDIA RTX 6000 Ada Generation,1,2,32,256,0.02536482810974121,5.972007262706756
google/gemma-2-9b,NVIDIA RTX 6000 Ada Generation,1,4,32,256,0.027212762832641603,6.015719652175903
google/gemma-2-9b,NVIDIA RTX 6000 Ada Generation,1,8,32,256,0.02933567762374878,6.158481180667877
google/gemma-2-9b,NVIDIA RTX 6000 Ada Generation,1,16,32,256,0.04236365556716919,6.396058750152588
google/gemma-2-9b,NVIDIA RTX 6000 Ada Generation,1,32,32,256,0.07426540851593018,6.981182336807251
google/gemma-2-9b,NVIDIA RTX 6000 Ada Generation,1,64,32,256,0.13540300130844116,8.313985550403595
google/gemma-2-9b,NVIDIA RTX 6000 Ada Generation,1,128,32,256,0.2690202474594116,10.787028312683105
google/gemma-2-9b,NVIDIA RTX 6000 Ada Generation,1,1,32,512,0.024361073970794678,11.828957271575927
google/gemma-2-9b,NVIDIA RTX 6000 Ada Generation,1,2,32,512,0.025289297103881836,12.014502000808715
google/gemma-2-9b,NVIDIA RTX 6000 Ada Generation,1,4,32,512,0.02748788595199585,12.182847714424135
google/gemma-2-9b,NVIDIA RTX 6000 Ada Generation,1,8,32,512,0.02922499179840088,12.53955215215683
google/gemma-2-9b,NVIDIA RTX 6000 Ada Generation,1,16,32,512,0.0425370454788208,13.271039509773255
google/gemma-2-9b,NVIDIA RTX 6000 Ada Generation,1,32,32,512,0.07417114973068237,14.895237255096434
google/gemma-2-9b,NVIDIA RTX 6000 Ada Generation,1,64,32,512,0.13782678842544555,18.5816841006279
google/gemma-2-9b,NVIDIA RTX 6000 Ada Generation,1,128,32,512,0.2729796290397644,25.771743857860567
google/gemma-2-9b,NVIDIA RTX 6000 Ada Generation,1,1,64,4,0.024541127681732177,0.06938555240631103
google/gemma-2-9b,NVIDIA RTX 6000 Ada Generation,1,2,64,4,0.0255795955657959,0.07198009490966797
google/gemma-2-9b,NVIDIA RTX 6000 Ada Generation,1,4,64,4,0.027773523330688478,0.07271893024444581
google/gemma-2-9b,NVIDIA RTX 6000 Ada Generation,1,8,64,4,0.030679595470428467,0.07470489740371704
google/gemma-2-9b,NVIDIA RTX 6000 Ada Generation,1,16,64,4,0.0440832257270813,0.07891730070114135
google/gemma-2-9b,NVIDIA RTX 6000 Ada Generation,1,32,64,4,0.07435388565063476,0.08245534896850586
google/gemma-2-9b,NVIDIA RTX 6000 Ada Generation,1,64,64,4,0.14854896068572998,0.09600756168365479
google/gemma-2-9b,NVIDIA RTX 6000 Ada Generation,1,128,64,4,0.2956307649612427,0.11758172512054443
google/gemma-2-9b,NVIDIA RTX 6000 Ada Generation,1,1,64,8,0.02449136972427368,0.16132831573486328
google/gemma-2-9b,NVIDIA RTX 6000 Ada Generation,1,2,64,8,0.025465750694274904,0.16411211490631103
google/gemma-2-9b,NVIDIA RTX 6000 Ada Generation,1,4,64,8,0.027526116371154784,0.1646320104598999
google/gemma-2-9b,NVIDIA RTX 6000 Ada Generation,1,8,64,8,0.030333888530731202,0.16770155429840086
google/gemma-2-9b,NVIDIA RTX 6000 Ada Generation,1,16,64,8,0.0414060115814209,0.1750014305114746
google/gemma-2-9b,NVIDIA RTX 6000 Ada Generation,1,32,64,8,0.07255562543869018,0.18723151683807374
google/gemma-2-9b,NVIDIA RTX 6000 Ada Generation,1,64,64,8,0.1458464741706848,0.21586188077926638
google/gemma-2-9b,NVIDIA RTX 6000 Ada Generation,1,128,64,8,0.2956694483757019,0.27572908401489254
google/gemma-2-9b,NVIDIA RTX 6000 Ada Generation,1,1,64,16,0.02454017400741577,0.3453516960144043
google/gemma-2-9b,NVIDIA RTX 6000 Ada Generation,1,2,64,16,0.02545403242111206,0.35118845701217655
google/gemma-2-9b,NVIDIA RTX 6000 Ada Generation,1,4,64,16,0.027706396579742432,0.3520744800567627
google/gemma-2-9b,NVIDIA RTX 6000 Ada Generation,1,8,64,16,0.029894697666168212,0.3581341624259949
google/gemma-2-9b,NVIDIA RTX 6000 Ada Generation,1,16,64,16,0.04224128723144531,0.372213876247406
google/gemma-2-9b,NVIDIA RTX 6000 Ada Generation,1,32,64,16,0.0742556095123291,0.39647406339645386
google/gemma-2-9b,NVIDIA RTX 6000 Ada Generation,1,64,64,16,0.14688013792037963,0.45721547603607177
google/gemma-2-9b,NVIDIA RTX 6000 Ada Generation,1,128,64,16,0.29757343530654906,0.5702520132064819
google/gemma-2-9b,NVIDIA RTX 6000 Ada Generation,1,1,64,32,0.024491655826568603,0.7137578964233398
google/gemma-2-9b,NVIDIA RTX 6000 Ada Generation,1,2,64,32,0.025494611263275145,0.7259725093841553
google/gemma-2-9b,NVIDIA RTX 6000 Ada Generation,1,4,64,32,0.028011083602905273,0.7287614941596985
google/gemma-2-9b,NVIDIA RTX 6000 Ada Generation,1,8,64,32,0.029891443252563477,0.7401136159896851
google/gemma-2-9b,NVIDIA RTX 6000 Ada Generation,1,16,64,32,0.04259779453277588,0.7637497305870056
google/gemma-2-9b,NVIDIA RTX 6000 Ada Generation,1,32,64,32,0.07530478239059449,0.8157948017120361
google/gemma-2-9b,NVIDIA RTX 6000 Ada Generation,1,64,64,32,0.14658892154693604,0.9517756581306458
google/gemma-2-9b,NVIDIA RTX 6000 Ada Generation,1,128,64,32,0.30000354051589967,1.1929455637931825
google/gemma-2-9b,NVIDIA RTX 6000 Ada Generation,1,1,64,64,0.024622631072998048,1.4537805199623108
google/gemma-2-9b,NVIDIA RTX 6000 Ada Generation,1,2,64,64,0.025673890113830568,1.477655279636383
google/gemma-2-9b,NVIDIA RTX 6000 Ada Generation,1,4,64,64,0.027833724021911622,1.4836629748344423
google/gemma-2-9b,NVIDIA RTX 6000 Ada Generation,1,8,64,64,0.03028438091278076,1.5219669699668883
google/gemma-2-9b,NVIDIA RTX 6000 Ada Generation,1,16,64,64,0.04282315969467163,1.5611584305763246
google/gemma-2-9b,NVIDIA RTX 6000 Ada Generation,1,32,64,64,0.07496018409729004,1.6743207573890686
google/gemma-2-9b,NVIDIA RTX 6000 Ada Generation,1,64,64,64,0.15161893367767335,1.9698288798332215
google/gemma-2-9b,NVIDIA RTX 6000 Ada Generation,1,128,64,64,0.3033272624015808,2.472647321224213
google/gemma-2-9b,NVIDIA RTX 6000 Ada Generation,1,1,64,128,0.024615609645843507,2.931273913383484
google/gemma-2-9b,NVIDIA RTX 6000 Ada Generation,1,2,64,128,0.02564607858657837,2.98206946849823
google/gemma-2-9b,NVIDIA RTX 6000 Ada Generation,1,4,64,128,0.02783191204071045,3.008363366127014
google/gemma-2-9b,NVIDIA RTX 6000 Ada Generation,1,8,64,128,0.03033609390258789,3.0590855360031126
google/gemma-2-9b,NVIDIA RTX 6000 Ada Generation,1,16,64,128,0.043622171878814696,3.170094347000122
google/gemma-2-9b,NVIDIA RTX 6000 Ada Generation,1,32,64,128,0.07531700134277344,3.4417292594909665
google/gemma-2-9b,NVIDIA RTX 6000 Ada Generation,1,64,64,128,0.1518226981163025,4.077195072174072
google/gemma-2-9b,NVIDIA RTX 6000 Ada Generation,1,128,64,128,0.30472760200500487,5.204844129085541
google/gemma-2-9b,NVIDIA RTX 6000 Ada Generation,1,1,64,256,0.02457914352416992,5.902513885498047
google/gemma-2-9b,NVIDIA RTX 6000 Ada Generation,1,2,64,256,0.02581169605255127,5.996584951877594
google/gemma-2-9b,NVIDIA RTX 6000 Ada Generation,1,4,64,256,0.027765655517578126,6.051473069190979
google/gemma-2-9b,NVIDIA RTX 6000 Ada Generation,1,8,64,256,0.030927705764770507,6.208599305152894
google/gemma-2-9b,NVIDIA RTX 6000 Ada Generation,1,16,64,256,0.04524686336517334,6.48505448102951
google/gemma-2-9b,NVIDIA RTX 6000 Ada Generation,1,32,64,256,0.07737455368041993,7.130119061470032
google/gemma-2-9b,NVIDIA RTX 6000 Ada Generation,1,64,64,256,0.15061404705047607,8.64490247964859
google/gemma-2-9b,NVIDIA RTX 6000 Ada Generation,1,128,64,256,0.3067969083786011,11.43748164176941
google/gemma-2-9b,NVIDIA RTX 6000 Ada Generation,1,1,64,512,0.024608087539672852,11.873561811447145
google/gemma-2-9b,NVIDIA RTX 6000 Ada Generation,1,2,64,512,0.02563962936401367,12.066697251796723
google/gemma-2-9b,NVIDIA RTX 6000 Ada Generation,1,4,64,512,0.02804718017578125,12.241506719589234
google/gemma-2-9b,NVIDIA RTX 6000 Ada Generation,1,8,64,512,0.030540728569030763,12.658924651145934
google/gemma-2-9b,NVIDIA RTX 6000 Ada Generation,1,16,64,512,0.04521212577819824,13.442289018630982
google/gemma-2-9b,NVIDIA RTX 6000 Ada Generation,1,32,64,512,0.07806485891342163,15.147942090034485
google/gemma-2-9b,NVIDIA RTX 6000 Ada Generation,1,64,64,512,0.1541246771812439,18.890828943252565
google/gemma-2-9b,NVIDIA RTX 6000 Ada Generation,1,128,64,512,0.3061176538467407,27.039592444896698
google/gemma-2-9b,NVIDIA RTX 6000 Ada Generation,1,1,128,4,0.024593520164489745,0.06997426748275756
google/gemma-2-9b,NVIDIA RTX 6000 Ada Generation,1,2,128,4,0.025744128227233886,0.07150307893753051
google/gemma-2-9b,NVIDIA RTX 6000 Ada Generation,1,4,128,4,0.028075969219207762,0.0724022626876831
google/gemma-2-9b,NVIDIA RTX 6000 Ada Generation,1,8,128,4,0.03089019060134888,0.07401640415191652
google/gemma-2-9b,NVIDIA RTX 6000 Ada Generation,1,16,128,4,0.044109773635864255,0.07765393257141114
google/gemma-2-9b,NVIDIA RTX 6000 Ada Generation,1,32,128,4,0.08596584796905518,0.08496029376983641
google/gemma-2-9b,NVIDIA RTX 6000 Ada Generation,1,64,128,4,0.1687692642211914,0.10015329122543334
google/gemma-2-9b,NVIDIA RTX 6000 Ada Generation,1,128,128,4,0.3448388934135437,0.13114132881164553
google/gemma-2-9b,NVIDIA RTX 6000 Ada Generation,1,1,128,8,0.024577200412750244,0.16119498014450073
google/gemma-2-9b,NVIDIA RTX 6000 Ada Generation,1,2,128,8,0.025698506832122804,0.16399213075637817
google/gemma-2-9b,NVIDIA RTX 6000 Ada Generation,1,4,128,8,0.02812105417251587,0.16523786783218383
google/gemma-2-9b,NVIDIA RTX 6000 Ada Generation,1,8,128,8,0.030791032314300536,0.16904829740524294
google/gemma-2-9b,NVIDIA RTX 6000 Ada Generation,1,16,128,8,0.045277392864227294,0.17713615894317628
google/gemma-2-9b,NVIDIA RTX 6000 Ada Generation,1,32,128,8,0.08787013292312622,0.1927362561225891
google/gemma-2-9b,NVIDIA RTX 6000 Ada Generation,1,64,128,8,0.1725555658340454,0.22756671905517578
google/gemma-2-9b,NVIDIA RTX 6000 Ada Generation,1,128,128,8,0.346630847454071,0.2968841552734375
google/gemma-2-9b,NVIDIA RTX 6000 Ada Generation,1,1,128,16,0.024553513526916503,0.34498170614242557
google/gemma-2-9b,NVIDIA RTX 6000 Ada Generation,1,2,128,16,0.025684499740600587,0.35086922645568847
google/gemma-2-9b,NVIDIA RTX 6000 Ada Generation,1,4,128,16,0.02803640365600586,0.35338133573532104
google/gemma-2-9b,NVIDIA RTX 6000 Ada Generation,1,8,128,16,0.030827510356903075,0.3606185793876648
google/gemma-2-9b,NVIDIA RTX 6000 Ada Generation,1,16,128,16,0.04341597557067871,0.3758384108543396
google/gemma-2-9b,NVIDIA RTX 6000 Ada Generation,1,32,128,16,0.08724277019500733,0.40805859565734864
google/gemma-2-9b,NVIDIA RTX 6000 Ada Generation,1,64,128,16,0.1763076066970825,0.4793193936347962
google/gemma-2-9b,NVIDIA RTX 6000 Ada Generation,1,128,128,16,0.3468735098838806,0.6161972641944886
google/gemma-2-9b,NVIDIA RTX 6000 Ada Generation,1,1,128,32,0.02457113265991211,0.7135164141654968
google/gemma-2-9b,NVIDIA RTX 6000 Ada Generation,1,2,128,32,0.025696516036987305,0.7252298831939697
google/gemma-2-9b,NVIDIA RTX 6000 Ada Generation,1,4,128,32,0.02807208299636841,0.730408763885498
google/gemma-2-9b,NVIDIA RTX 6000 Ada Generation,1,8,128,32,0.031486570835113525,0.745346188545227
google/gemma-2-9b,NVIDIA RTX 6000 Ada Generation,1,16,128,32,0.04482744932174683,0.7745009779930114
google/gemma-2-9b,NVIDIA RTX 6000 Ada Generation,1,32,128,32,0.08736751079559327,0.8491291284561158
google/gemma-2-9b,NVIDIA RTX 6000 Ada Generation,1,64,128,32,0.17552645206451417,0.9917853593826294
google/gemma-2-9b,NVIDIA RTX 6000 Ada Generation,1,128,128,32,0.3471523404121399,1.2702062010765076
google/gemma-2-9b,NVIDIA RTX 6000 Ada Generation,1,1,128,64,0.024566066265106202,1.4500922083854675
google/gemma-2-9b,NVIDIA RTX 6000 Ada Generation,1,2,128,64,0.025926864147186278,1.474053907394409
google/gemma-2-9b,NVIDIA RTX 6000 Ada Generation,1,4,128,64,0.02811737060546875,1.4941134333610535
google/gemma-2-9b,NVIDIA RTX 6000 Ada Generation,1,8,128,64,0.03130916357040405,1.5165836811065674
google/gemma-2-9b,NVIDIA RTX 6000 Ada Generation,1,16,128,64,0.04606893062591553,1.5769376397132875
google/gemma-2-9b,NVIDIA RTX 6000 Ada Generation,1,32,128,64,0.0876361608505249,1.7173117518424987
google/gemma-2-9b,NVIDIA RTX 6000 Ada Generation,1,64,128,64,0.1754096508026123,2.056683254241943
google/gemma-2-9b,NVIDIA RTX 6000 Ada Generation,1,128,128,64,0.3525708556175232,2.641721749305725
google/gemma-2-9b,NVIDIA RTX 6000 Ada Generation,1,1,128,128,0.024593651294708252,2.9276747941970824
google/gemma-2-9b,NVIDIA RTX 6000 Ada Generation,1,2,128,128,0.02579132318496704,2.9732831358909606
google/gemma-2-9b,NVIDIA RTX 6000 Ada Generation,1,4,128,128,0.028189802169799806,3.0005317211151126
google/gemma-2-9b,NVIDIA RTX 6000 Ada Generation,1,8,128,128,0.031064939498901368,3.0717842698097226
google/gemma-2-9b,NVIDIA RTX 6000 Ada Generation,1,16,128,128,0.04535542726516724,3.204018783569336
google/gemma-2-9b,NVIDIA RTX 6000 Ada Generation,1,32,128,128,0.08974933624267578,3.5266602873802184
google/gemma-2-9b,NVIDIA RTX 6000 Ada Generation,1,64,128,128,0.17519407272338866,4.2425360679626465
google/gemma-2-9b,NVIDIA RTX 6000 Ada Generation,1,128,128,128,0.3587261438369751,5.566740572452545
google/gemma-2-9b,NVIDIA RTX 6000 Ada Generation,1,1,128,256,0.02464315891265869,5.89519544839859
google/gemma-2-9b,NVIDIA RTX 6000 Ada Generation,1,2,128,256,0.02580181360244751,5.986300373077393
google/gemma-2-9b,NVIDIA RTX 6000 Ada Generation,1,4,128,256,0.028180062770843506,6.0559726595878605
google/gemma-2-9b,NVIDIA RTX 6000 Ada Generation,1,8,128,256,0.031137657165527344,6.222838604450225
google/gemma-2-9b,NVIDIA RTX 6000 Ada Generation,1,16,128,256,0.04466980695724487,6.556601786613465
google/gemma-2-9b,NVIDIA RTX 6000 Ada Generation,1,32,128,256,0.09052493572235107,7.309370386600494
google/gemma-2-9b,NVIDIA RTX 6000 Ada Generation,1,64,128,256,0.17826555967330932,8.96199163198471
google/gemma-2-9b,NVIDIA RTX 6000 Ada Generation,1,128,128,256,0.3591495633125305,12.155943632125854
google/gemma-2-9b,NVIDIA RTX 6000 Ada Generation,1,1,128,512,0.02467080354690552,11.855497801303864
google/gemma-2-9b,NVIDIA RTX 6000 Ada Generation,1,2,128,512,0.02587698698043823,12.055703246593474
google/gemma-2-9b,NVIDIA RTX 6000 Ada Generation,1,4,128,512,0.028150999546051027,12.250238108634948
google/gemma-2-9b,NVIDIA RTX 6000 Ada Generation,1,8,128,512,0.03107403516769409,12.704937541484831
google/gemma-2-9b,NVIDIA RTX 6000 Ada Generation,1,16,128,512,0.045728516578674314,13.579214036464691
google/gemma-2-9b,NVIDIA RTX 6000 Ada Generation,1,32,128,512,0.0900118112564087,15.520437383651734
google/gemma-2-9b,NVIDIA RTX 6000 Ada Generation,1,64,128,512,0.17971718311309814,19.74419786930084
google/gemma-2-9b,NVIDIA RTX 6000 Ada Generation,1,128,128,512,0.361855149269104,31.114342617988587
google/gemma-2-9b,NVIDIA RTX 6000 Ada Generation,1,1,256,4,0.02507903575897217,0.07004615068435668
google/gemma-2-9b,NVIDIA RTX 6000 Ada Generation,1,2,256,4,0.026401221752166748,0.07139580249786377
google/gemma-2-9b,NVIDIA RTX 6000 Ada Generation,1,4,256,4,0.028992319107055665,0.07244281768798827
google/gemma-2-9b,NVIDIA RTX 6000 Ada Generation,1,8,256,4,0.0329338550567627,0.074273419380188
google/gemma-2-9b,NVIDIA RTX 6000 Ada Generation,1,16,256,4,0.06429870128631592,0.07781072854995728
google/gemma-2-9b,NVIDIA RTX 6000 Ada Generation,1,32,256,4,0.12766393423080444,0.0870461106300354
google/gemma-2-9b,NVIDIA RTX 6000 Ada Generation,1,64,256,4,0.2548310041427612,0.10725177526474
google/gemma-2-9b,NVIDIA RTX 6000 Ada Generation,1,128,256,4,0.510653841495514,0.14285567998886106
google/gemma-2-9b,NVIDIA RTX 6000 Ada Generation,1,1,256,8,0.025095021724700926,0.16184546947479247
google/gemma-2-9b,NVIDIA RTX 6000 Ada Generation,1,2,256,8,0.02652919292449951,0.16464195251464844
google/gemma-2-9b,NVIDIA RTX 6000 Ada Generation,1,4,256,8,0.028964662551879884,0.16696895360946656
google/gemma-2-9b,NVIDIA RTX 6000 Ada Generation,1,8,256,8,0.03249748945236206,0.1720953106880188
google/gemma-2-9b,NVIDIA RTX 6000 Ada Generation,1,16,256,8,0.06418023109436036,0.1814299464225769
google/gemma-2-9b,NVIDIA RTX 6000 Ada Generation,1,32,256,8,0.1278676748275757,0.20182030200958254
google/gemma-2-9b,NVIDIA RTX 6000 Ada Generation,1,64,256,8,0.25560245513916013,0.24583361148834226
google/gemma-2-9b,NVIDIA RTX 6000 Ada Generation,1,128,256,8,0.509021258354187,0.33936253786087034
google/gemma-2-9b,NVIDIA RTX 6000 Ada Generation,1,1,256,16,0.025034773349761962,0.3464584469795227
google/gemma-2-9b,NVIDIA RTX 6000 Ada Generation,1,2,256,16,0.026850879192352295,0.3530306577682495
google/gemma-2-9b,NVIDIA RTX 6000 Ada Generation,1,4,256,16,0.029017877578735352,0.3572947263717651
google/gemma-2-9b,NVIDIA RTX 6000 Ada Generation,1,8,256,16,0.032677435874938966,0.36773477792739867
google/gemma-2-9b,NVIDIA RTX 6000 Ada Generation,1,16,256,16,0.06443531513214111,0.3865659832954407
google/gemma-2-9b,NVIDIA RTX 6000 Ada Generation,1,32,256,16,0.12854011058807374,0.4307101368904113
google/gemma-2-9b,NVIDIA RTX 6000 Ada Generation,1,64,256,16,0.25600342750549315,0.5266652941703795
google/gemma-2-9b,NVIDIA RTX 6000 Ada Generation,1,128,256,16,0.5104156732559204,0.7130739212036132
google/gemma-2-9b,NVIDIA RTX 6000 Ada Generation,1,1,256,32,0.025086474418640137,0.7161336898803712
google/gemma-2-9b,NVIDIA RTX 6000 Ada Generation,1,2,256,32,0.02664273977279663,0.7279004573822021
google/gemma-2-9b,NVIDIA RTX 6000 Ada Generation,1,4,256,32,0.02899850606918335,0.7379575371742249
google/gemma-2-9b,NVIDIA RTX 6000 Ada Generation,1,8,256,32,0.03226125240325928,0.7591560363769532
google/gemma-2-9b,NVIDIA RTX 6000 Ada Generation,1,16,256,32,0.06381148099899292,0.7990242838859558
google/gemma-2-9b,NVIDIA RTX 6000 Ada Generation,1,32,256,32,0.12748738527297973,0.9021347522735595
google/gemma-2-9b,NVIDIA RTX 6000 Ada Generation,1,64,256,32,0.25594563484191896,1.106989896297455
google/gemma-2-9b,NVIDIA RTX 6000 Ada Generation,1,128,256,32,0.5116406559944153,1.499968385696411
google/gemma-2-9b,NVIDIA RTX 6000 Ada Generation,1,1,256,64,0.02511025667190552,1.456075668334961
google/gemma-2-9b,NVIDIA RTX 6000 Ada Generation,1,2,256,64,0.026439404487609862,1.478710389137268
google/gemma-2-9b,NVIDIA RTX 6000 Ada Generation,1,4,256,64,0.029053449630737305,1.5001781702041626
google/gemma-2-9b,NVIDIA RTX 6000 Ada Generation,1,8,256,64,0.03269039392471314,1.5443345308303833
google/gemma-2-9b,NVIDIA RTX 6000 Ada Generation,1,16,256,64,0.06403957605361939,1.6287832617759703
google/gemma-2-9b,NVIDIA RTX 6000 Ada Generation,1,32,256,64,0.12761186361312865,1.8229820609092713
google/gemma-2-9b,NVIDIA RTX 6000 Ada Generation,1,64,256,64,0.2555591344833374,2.2695627212524414
google/gemma-2-9b,NVIDIA RTX 6000 Ada Generation,1,128,256,64,0.5105960249900818,3.1012210965156557
google/gemma-2-9b,NVIDIA RTX 6000 Ada Generation,1,1,256,128,0.025167322158813475,2.9383135199546815
google/gemma-2-9b,NVIDIA RTX 6000 Ada Generation,1,2,256,128,0.026512646675109865,2.9833024978637694
google/gemma-2-9b,NVIDIA RTX 6000 Ada Generation,1,4,256,128,0.029186451435089113,3.0291571974754334
google/gemma-2-9b,NVIDIA RTX 6000 Ada Generation,1,8,256,128,0.03322335481643677,3.1362409830093383
google/gemma-2-9b,NVIDIA RTX 6000 Ada Generation,1,16,256,128,0.06391795873641967,3.3113876223564147
google/gemma-2-9b,NVIDIA RTX 6000 Ada Generation,1,32,256,128,0.12787503004074097,3.740980350971222
google/gemma-2-9b,NVIDIA RTX 6000 Ada Generation,1,64,256,128,0.25516501665115354,4.670045721530915
google/gemma-2-9b,NVIDIA RTX 6000 Ada Generation,1,128,256,128,0.5097604870796204,6.455772066116333
google/gemma-2-9b,NVIDIA RTX 6000 Ada Generation,1,1,256,256,0.02540360689163208,5.9102069497108465
google/gemma-2-9b,NVIDIA RTX 6000 Ada Generation,1,2,256,256,0.026488947868347167,6.004489862918854
google/gemma-2-9b,NVIDIA RTX 6000 Ada Generation,1,4,256,256,0.029040229320526124,6.10353877544403
google/gemma-2-9b,NVIDIA RTX 6000 Ada Generation,1,8,256,256,0.033095264434814455,6.340257024765014
google/gemma-2-9b,NVIDIA RTX 6000 Ada Generation,1,16,256,256,0.0643660306930542,6.762169754505158
google/gemma-2-9b,NVIDIA RTX 6000 Ada Generation,1,32,256,256,0.1285266399383545,7.732872128486633
google/gemma-2-9b,NVIDIA RTX 6000 Ada Generation,1,64,256,256,0.256152880191803,9.780461192131042
google/gemma-2-9b,NVIDIA RTX 6000 Ada Generation,1,128,256,256,0.5106807589530945,13.77171162366867
google/gemma-2-9b,NVIDIA RTX 6000 Ada Generation,1,1,256,512,0.025094521045684815,11.875069379806519
google/gemma-2-9b,NVIDIA RTX 6000 Ada Generation,1,2,256,512,0.026616477966308595,12.096945703029633
google/gemma-2-9b,NVIDIA RTX 6000 Ada Generation,1,4,256,512,0.029069769382476806,12.340299379825591
google/gemma-2-9b,NVIDIA RTX 6000 Ada Generation,1,8,256,512,0.03244016170501709,12.901913332939149
google/gemma-2-9b,NVIDIA RTX 6000 Ada Generation,1,16,256,512,0.06462658643722534,14.008490252494813
google/gemma-2-9b,NVIDIA RTX 6000 Ada Generation,1,32,256,512,0.1283181667327881,16.34318242073059
google/gemma-2-9b,NVIDIA RTX 6000 Ada Generation,1,64,256,512,0.25642191171646117,21.493186128139495
google/gemma-2-9b,NVIDIA RTX 6000 Ada Generation,1,128,256,512,0.5130776405334473,39.06704390048981
google/gemma-2-9b,NVIDIA RTX 6000 Ada Generation,1,1,512,4,0.025982165336608888,0.07023676633834838
google/gemma-2-9b,NVIDIA RTX 6000 Ada Generation,1,2,512,4,0.02756609916687012,0.07146683931350709
google/gemma-2-9b,NVIDIA RTX 6000 Ada Generation,1,4,512,4,0.0307509183883667,0.07272615432739257
google/gemma-2-9b,NVIDIA RTX 6000 Ada Generation,1,8,512,4,0.06083228588104248,0.07621142864227295
google/gemma-2-9b,NVIDIA RTX 6000 Ada Generation,1,16,512,4,0.12106890678405761,0.08348999023437499
google/gemma-2-9b,NVIDIA RTX 6000 Ada Generation,1,32,512,4,0.2411823034286499,0.09738519191741943
google/gemma-2-9b,NVIDIA RTX 6000 Ada Generation,1,64,512,4,0.4829274654388428,0.12655578851699822
google/gemma-2-9b,NVIDIA RTX 6000 Ada Generation,1,128,512,4,0.9644262433052063,0.1949653506278991
google/gemma-2-9b,NVIDIA RTX 6000 Ada Generation,1,1,512,8,0.025932395458221437,0.16303526163101198
google/gemma-2-9b,NVIDIA RTX 6000 Ada Generation,1,2,512,8,0.027667701244354248,0.1663679838180542
google/gemma-2-9b,NVIDIA RTX 6000 Ada Generation,1,4,512,8,0.030636322498321534,0.1695264935493469
google/gemma-2-9b,NVIDIA RTX 6000 Ada Generation,1,8,512,8,0.060493063926696775,0.17703146934509278
google/gemma-2-9b,NVIDIA RTX 6000 Ada Generation,1,16,512,8,0.12176270484924316,0.1929054379463196
google/gemma-2-9b,NVIDIA RTX 6000 Ada Generation,1,32,512,8,0.24173517227172853,0.22504513263702391
google/gemma-2-9b,NVIDIA RTX 6000 Ada Generation,1,64,512,8,0.4838673949241638,0.29410692453384396
google/gemma-2-9b,NVIDIA RTX 6000 Ada Generation,1,128,512,8,0.9715687394142151,0.42781424522399913
google/gemma-2-9b,NVIDIA RTX 6000 Ada Generation,1,1,512,16,0.02597956657409668,0.3487550973892212
google/gemma-2-9b,NVIDIA RTX 6000 Ada Generation,1,2,512,16,0.02761915922164917,0.35558170080184937
google/gemma-2-9b,NVIDIA RTX 6000 Ada Generation,1,4,512,16,0.030781447887420654,0.3623900651931763
google/gemma-2-9b,NVIDIA RTX 6000 Ada Generation,1,8,512,16,0.06055419445037842,0.3789229869842529
google/gemma-2-9b,NVIDIA RTX 6000 Ada Generation,1,16,512,16,0.12092369794845581,0.4115008234977722
google/gemma-2-9b,NVIDIA RTX 6000 Ada Generation,1,32,512,16,0.2413663387298584,0.4808294653892517
google/gemma-2-9b,NVIDIA RTX 6000 Ada Generation,1,64,512,16,0.4836393356323242,0.636215853691101
google/gemma-2-9b,NVIDIA RTX 6000 Ada Generation,1,128,512,16,0.968583881855011,0.9084454774856567
google/gemma-2-9b,NVIDIA RTX 6000 Ada Generation,1,1,512,32,0.025956594944000246,0.7207804560661316
google/gemma-2-9b,NVIDIA RTX 6000 Ada Generation,1,2,512,32,0.027728009223937988,0.7350790977478027
google/gemma-2-9b,NVIDIA RTX 6000 Ada Generation,1,4,512,32,0.03074343204498291,0.7492457866668701
google/gemma-2-9b,NVIDIA RTX 6000 Ada Generation,1,8,512,32,0.06073238849639893,0.7841863632202148
google/gemma-2-9b,NVIDIA RTX 6000 Ada Generation,1,16,512,32,0.1215659499168396,0.8515987277030945
google/gemma-2-9b,NVIDIA RTX 6000 Ada Generation,1,32,512,32,0.24159324169158936,1.0042534232139588
google/gemma-2-9b,NVIDIA RTX 6000 Ada Generation,1,64,512,32,0.48312346935272216,1.3089600086212159
google/gemma-2-9b,NVIDIA RTX 6000 Ada Generation,1,128,512,32,0.9688577771186828,1.8912524461746216
google/gemma-2-9b,NVIDIA RTX 6000 Ada Generation,1,1,512,64,0.02602856159210205,1.4652759075164794
google/gemma-2-9b,NVIDIA RTX 6000 Ada Generation,1,2,512,64,0.02767857313156128,1.4939874291419983
google/gemma-2-9b,NVIDIA RTX 6000 Ada Generation,1,4,512,64,0.030726444721221925,1.5236547589302063
google/gemma-2-9b,NVIDIA RTX 6000 Ada Generation,1,8,512,64,0.06067006587982178,1.596257507801056
google/gemma-2-9b,NVIDIA RTX 6000 Ada Generation,1,16,512,64,0.12111949920654297,1.7375168323516845
google/gemma-2-9b,NVIDIA RTX 6000 Ada Generation,1,32,512,64,0.24294912815093994,2.041410303115845
google/gemma-2-9b,NVIDIA RTX 6000 Ada Generation,1,64,512,64,0.485326874256134,2.693265175819397
google/gemma-2-9b,NVIDIA RTX 6000 Ada Generation,1,128,512,64,0.9680105566978454,4.969438207149506
google/gemma-2-9b,NVIDIA RTX 6000 Ada Generation,1,1,512,128,0.025979602336883546,2.956200098991394
google/gemma-2-9b,NVIDIA RTX 6000 Ada Generation,1,2,512,128,0.027670443058013916,3.012993109226227
google/gemma-2-9b,NVIDIA RTX 6000 Ada Generation,1,4,512,128,0.03078991174697876,3.076829993724823
google/gemma-2-9b,NVIDIA RTX 6000 Ada Generation,1,8,512,128,0.06066340208053589,3.241312539577484
google/gemma-2-9b,NVIDIA RTX 6000 Ada Generation,1,16,512,128,0.12093877792358398,3.528762423992157
google/gemma-2-9b,NVIDIA RTX 6000 Ada Generation,1,32,512,128,0.242188560962677,4.1612611532211305
google/gemma-2-9b,NVIDIA RTX 6000 Ada Generation,1,64,512,128,0.5004311442375183,5.557035136222839
google/gemma-2-9b,NVIDIA RTX 6000 Ada Generation,1,128,512,128,0.9862265110015869,11.65916488170624
google/gemma-2-9b,NVIDIA RTX 6000 Ada Generation,1,1,512,256,0.026063454151153565,5.950166964530944
google/gemma-2-9b,NVIDIA RTX 6000 Ada Generation,1,2,512,256,0.02769291400909424,6.0680627703666685
google/gemma-2-9b,NVIDIA RTX 6000 Ada Generation,1,4,512,256,0.030905532836914062,6.211999809741974
google/gemma-2-9b,NVIDIA RTX 6000 Ada Generation,1,8,512,256,0.061117362976074216,6.560189783573151
google/gemma-2-9b,NVIDIA RTX 6000 Ada Generation,1,16,512,256,0.12321436405181885,7.216019475460053
google/gemma-2-9b,NVIDIA RTX 6000 Ada Generation,1,32,512,256,0.24661341905593873,8.602544736862184
google/gemma-2-9b,NVIDIA RTX 6000 Ada Generation,1,64,512,256,0.4930749416351318,11.587343060970305
google/gemma-2-9b,NVIDIA RTX 6000 Ada Generation,1,128,512,256,0.9885222673416137,25.429192733764648
google/gemma-2-9b,NVIDIA RTX 6000 Ada Generation,1,1,512,512,0.026061344146728515,11.948036277294158
google/gemma-2-9b,NVIDIA RTX 6000 Ada Generation,1,2,512,512,0.027639997005462647,12.201410925388338
google/gemma-2-9b,NVIDIA RTX 6000 Ada Generation,1,4,512,512,0.030764424800872804,12.556208181381225
google/gemma-2-9b,NVIDIA RTX 6000 Ada Generation,1,8,512,512,0.06157127618789673,13.35677000284195
google/gemma-2-9b,NVIDIA RTX 6000 Ada Generation,1,16,512,512,0.1228596568107605,14.8856858253479
google/gemma-2-9b,NVIDIA RTX 6000 Ada Generation,1,32,512,512,0.2452710509300232,18.09546939134598
google/gemma-2-9b,NVIDIA RTX 6000 Ada Generation,1,64,512,512,0.48471100330352784,24.852154874801638
google/gemma-2-9b,NVIDIA RTX 6000 Ada Generation,1,128,512,512,0.9692571759223938,54.60611864328384
google/gemma-2-9b,NVIDIA RTX 6000 Ada Generation,1,1,1024,4,0.027841949462890626,0.07018145322799682
google/gemma-2-9b,NVIDIA RTX 6000 Ada Generation,1,2,1024,4,0.029872989654541014,0.07242920398712158
google/gemma-2-9b,NVIDIA RTX 6000 Ada Generation,1,4,1024,4,0.05919879674911499,0.07527607679367065
google/gemma-2-9b,NVIDIA RTX 6000 Ada Generation,1,8,1024,4,0.1178283452987671,0.08107515573501586
google/gemma-2-9b,NVIDIA RTX 6000 Ada Generation,1,16,1024,4,0.2359709620475769,0.09322371482849123
google/gemma-2-9b,NVIDIA RTX 6000 Ada Generation,1,32,1024,4,0.4712839126586914,0.11834040880203245
google/gemma-2-9b,NVIDIA RTX 6000 Ada Generation,1,64,1024,4,0.944113039970398,0.16921896934509284
google/gemma-2-9b,NVIDIA RTX 6000 Ada Generation,1,128,1024,4,16.69545601606369,0.5379394412040703
google/gemma-2-9b,NVIDIA RTX 6000 Ada Generation,1,1,1024,8,0.027936363220214845,0.1648840069770813
google/gemma-2-9b,NVIDIA RTX 6000 Ada Generation,1,2,1024,8,0.0301200270652771,0.16991363763809203
google/gemma-2-9b,NVIDIA RTX 6000 Ada Generation,1,4,1024,8,0.059107732772827146,0.17481863498687744
google/gemma-2-9b,NVIDIA RTX 6000 Ada Generation,1,8,1024,8,0.11817525625228882,0.18925228118896487
google/gemma-2-9b,NVIDIA RTX 6000 Ada Generation,1,16,1024,8,0.2382773280143738,0.21736949682235718
google/gemma-2-9b,NVIDIA RTX 6000 Ada Generation,1,32,1024,8,0.4817176699638367,0.274604594707489
google/gemma-2-9b,NVIDIA RTX 6000 Ada Generation,1,64,1024,8,0.963967764377594,0.3839012503623963
google/gemma-2-9b,NVIDIA RTX 6000 Ada Generation,1,128,1024,8,16.554511547088623,1.0194941639900215
google/gemma-2-9b,NVIDIA RTX 6000 Ada Generation,1,1,1024,16,0.02771139144897461,0.35173453092575074
google/gemma-2-9b,NVIDIA RTX 6000 Ada Generation,1,2,1024,16,0.030985927581787108,0.3642257571220398
google/gemma-2-9b,NVIDIA RTX 6000 Ada Generation,1,4,1024,16,0.06087474822998047,0.3753266453742981
google/gemma-2-9b,NVIDIA RTX 6000 Ada Generation,1,8,1024,16,0.11922935247421265,0.40522675514221196
google/gemma-2-9b,NVIDIA RTX 6000 Ada Generation,1,16,1024,16,0.23938730955123902,0.46525821685791013
google/gemma-2-9b,NVIDIA RTX 6000 Ada Generation,1,32,1024,16,0.48063905239105226,0.5895387053489685
google/gemma-2-9b,NVIDIA RTX 6000 Ada Generation,1,64,1024,16,0.9607171058654785,0.8443110823631287
google/gemma-2-9b,NVIDIA RTX 6000 Ada Generation,1,128,1024,16,16.69170323610306,1.9538790225982652
google/gemma-2-9b,NVIDIA RTX 6000 Ada Generation,1,1,1024,32,0.027676427364349367,0.7276140570640564
google/gemma-2-9b,NVIDIA RTX 6000 Ada Generation,1,2,1024,32,0.03020331859588623,0.7492900371551514
google/gemma-2-9b,NVIDIA RTX 6000 Ada Generation,1,4,1024,32,0.06037734746932984,0.7766116380691528
google/gemma-2-9b,NVIDIA RTX 6000 Ada Generation,1,8,1024,32,0.12121152877807617,0.8408228516578674
google/gemma-2-9b,NVIDIA RTX 6000 Ada Generation,1,16,1024,32,0.24294480085372924,0.9636992573738098
google/gemma-2-9b,NVIDIA RTX 6000 Ada Generation,1,32,1024,32,0.48181978464126585,1.2108192324638365
google/gemma-2-9b,NVIDIA RTX 6000 Ada Generation,1,64,1024,32,0.9611726045608521,1.7296740651130675
google/gemma-2-9b,NVIDIA RTX 6000 Ada Generation,1,128,1024,32,16.73173633813858,3.828086256980896
google/gemma-2-9b,NVIDIA RTX 6000 Ada Generation,1,1,1024,64,0.028023362159729004,1.4826835989952087
google/gemma-2-9b,NVIDIA RTX 6000 Ada Generation,1,2,1024,64,0.030544209480285644,1.5244077205657958
google/gemma-2-9b,NVIDIA RTX 6000 Ada Generation,1,4,1024,64,0.060334432125091556,1.5784976243972777
google/gemma-2-9b,NVIDIA RTX 6000 Ada Generation,1,8,1024,64,0.12133964300155639,1.710066628456116
google/gemma-2-9b,NVIDIA RTX 6000 Ada Generation,1,16,1024,64,0.24179461002349853,1.9603912591934205
google/gemma-2-9b,NVIDIA RTX 6000 Ada Generation,1,32,1024,64,0.48086798191070557,2.469308543205261
google/gemma-2-9b,NVIDIA RTX 6000 Ada Generation,1,64,1024,64,0.9785581231117249,3.5329182744026184
google/gemma-2-9b,NVIDIA RTX 6000 Ada Generation,1,128,1024,64,16.687604117393494,7.74809056520462
google/gemma-2-9b,NVIDIA RTX 6000 Ada Generation,1,1,1024,128,0.02768298387527466,2.983709466457367
google/gemma-2-9b,NVIDIA RTX 6000 Ada Generation,1,2,1024,128,0.029775118827819823,3.0753121852874754
google/gemma-2-9b,NVIDIA RTX 6000 Ada Generation,1,4,1024,128,0.0593100905418396,3.1858611822128293
google/gemma-2-9b,NVIDIA RTX 6000 Ada Generation,1,8,1024,128,0.11864510774612427,3.4693100690841674
google/gemma-2-9b,NVIDIA RTX 6000 Ada Generation,1,16,1024,128,0.23740842342376708,3.9774917125701905
google/gemma-2-9b,NVIDIA RTX 6000 Ada Generation,1,32,1024,128,0.47607605457305907,5.034097695350647
google/gemma-2-9b,NVIDIA RTX 6000 Ada Generation,1,64,1024,128,0.960324501991272,8.718273413181306
google/gemma-2-9b,NVIDIA RTX 6000 Ada Generation,1,128,1024,128,16.701439666748048,15.848045945167538
google/gemma-2-9b,NVIDIA RTX 6000 Ada Generation,1,1,1024,256,0.027930736541748047,6.025055408477783
google/gemma-2-9b,NVIDIA RTX 6000 Ada Generation,1,2,1024,256,0.030515730381011963,6.200156283378601
google/gemma-2-9b,NVIDIA RTX 6000 Ada Generation,1,4,1024,256,0.06154168844223022,6.449686348438263
google/gemma-2-9b,NVIDIA RTX 6000 Ada Generation,1,8,1024,256,0.12315629720687866,7.0535849809646605
google/gemma-2-9b,NVIDIA RTX 6000 Ada Generation,1,16,1024,256,0.24503324031829835,8.19850082397461
google/gemma-2-9b,NVIDIA RTX 6000 Ada Generation,1,32,1024,256,0.4830740451812744,10.450118124485016
google/gemma-2-9b,NVIDIA RTX 6000 Ada Generation,1,64,1024,256,0.9627310276031494,20.546724915504456
google/gemma-2-9b,NVIDIA RTX 6000 Ada Generation,1,128,1024,256,16.805887579917908,38.92680625915527
google/gemma-2-9b,NVIDIA RTX 6000 Ada Generation,1,1,1024,512,0.02777630090713501,12.062930727005005
google/gemma-2-9b,NVIDIA RTX 6000 Ada Generation,1,2,1024,512,0.030404877662658692,12.454897153377534
google/gemma-2-9b,NVIDIA RTX 6000 Ada Generation,1,4,1024,512,0.060247397422790526,13.015170526504518
google/gemma-2-9b,NVIDIA RTX 6000 Ada Generation,1,8,1024,512,0.1218746542930603,14.32747974395752
google/gemma-2-9b,NVIDIA RTX 6000 Ada Generation,1,16,1024,512,0.2448623776435852,16.914378118515014
google/gemma-2-9b,NVIDIA RTX 6000 Ada Generation,1,32,1024,512,0.4855149626731873,21.90865478515625
google/gemma-2-9b,NVIDIA RTX 6000 Ada Generation,1,64,1024,512,0.9667896151542663,45.51297268867492
google/gemma-2-9b,NVIDIA RTX 6000 Ada Generation,1,128,1024,512,16.76956650018692,81.27571861743928
google/gemma-2-9b,NVIDIA RTX 6000 Ada Generation,1,1,2048,4,0.03165953159332276,0.04927538633346558
google/gemma-2-9b,NVIDIA RTX 6000 Ada Generation,1,2,2048,4,0.06426026821136474,0.05246231555938721
google/gemma-2-9b,NVIDIA RTX 6000 Ada Generation,1,4,2048,4,0.12596921920776366,0.05718128681182863
google/gemma-2-9b,NVIDIA RTX 6000 Ada Generation,1,8,2048,4,0.25027925968170167,0.06370185613632201
google/gemma-2-9b,NVIDIA RTX 6000 Ada Generation,1,16,2048,4,0.4994985222816467,0.08204189538955686
google/gemma-2-9b,NVIDIA RTX 6000 Ada Generation,1,32,2048,4,0.9906291007995606,0.12010368108749392
google/gemma-2-9b,NVIDIA RTX 6000 Ada Generation,1,64,2048,4,17.047537422180177,0.47423940896987915
google/gemma-2-9b,NVIDIA RTX 6000 Ada Generation,1,128,2048,4,34.22178659439087,1.128885996341701
google/gemma-2-9b,NVIDIA RTX 6000 Ada Generation,1,1,2048,8,0.031216347217559816,0.14725626707077027
google/gemma-2-9b,NVIDIA RTX 6000 Ada Generation,1,2,2048,8,0.06193091869354248,0.15401699542999267
google/gemma-2-9b,NVIDIA RTX 6000 Ada Generation,1,4,2048,8,0.12525932788848876,0.16569703817367554
google/gemma-2-9b,NVIDIA RTX 6000 Ada Generation,1,8,2048,8,0.24969632625579835,0.1874302625656128
google/gemma-2-9b,NVIDIA RTX 6000 Ada Generation,1,16,2048,8,0.4961989998817444,0.23129650354385373
google/gemma-2-9b,NVIDIA RTX 6000 Ada Generation,1,32,2048,8,0.9924643278121948,0.32492874860763543
google/gemma-2-9b,NVIDIA RTX 6000 Ada Generation,1,64,2048,8,17.064226472377776,0.8736472725868225
google/gemma-2-9b,NVIDIA RTX 6000 Ada Generation,1,128,2048,8,34.246900057792665,1.9895996093749986
google/gemma-2-9b,NVIDIA RTX 6000 Ada Generation,1,1,2048,16,0.031775379180908205,0.3437878131866455
google/gemma-2-9b,NVIDIA RTX 6000 Ada Generation,1,2,2048,16,0.06315051317214966,0.36089882850646976
google/gemma-2-9b,NVIDIA RTX 6000 Ada Generation,1,4,2048,16,0.12544031143188478,0.38535739183425904
google/gemma-2-9b,NVIDIA RTX 6000 Ada Generation,1,8,2048,16,0.2495677351951599,0.4356413841247559
google/gemma-2-9b,NVIDIA RTX 6000 Ada Generation,1,16,2048,16,0.4974526882171631,0.5372559428215027
google/gemma-2-9b,NVIDIA RTX 6000 Ada Generation,1,32,2048,16,0.9866960048675537,0.7445202589035034
google/gemma-2-9b,NVIDIA RTX 6000 Ada Generation,1,64,2048,16,17.153868305683137,1.7104283332824686
google/gemma-2-9b,NVIDIA RTX 6000 Ada Generation,1,128,2048,16,34.279912650585175,3.729537105560304
google/gemma-2-9b,NVIDIA RTX 6000 Ada Generation,1,1,2048,32,0.031212592124938966,0.7352124094963074
google/gemma-2-9b,NVIDIA RTX 6000 Ada Generation,1,2,2048,32,0.0625193476676941,0.7695948719978333
google/gemma-2-9b,NVIDIA RTX 6000 Ada Generation,1,4,2048,32,0.12440117597579955,0.8232868194580077
google/gemma-2-9b,NVIDIA RTX 6000 Ada Generation,1,8,2048,32,0.24873141050338746,0.9319167375564575
google/gemma-2-9b,NVIDIA RTX 6000 Ada Generation,1,16,2048,32,0.49544137716293335,1.1499162673950196
google/gemma-2-9b,NVIDIA RTX 6000 Ada Generation,1,32,2048,32,0.9890507698059082,1.6010974764823915
google/gemma-2-9b,NVIDIA RTX 6000 Ada Generation,1,64,2048,32,17.15310879945755,3.4507240653038025
google/gemma-2-9b,NVIDIA RTX 6000 Ada Generation,1,128,2048,32,34.26427290439606,7.1760037541389465
google/gemma-2-9b,NVIDIA RTX 6000 Ada Generation,1,1,2048,64,0.03123530149459839,1.5199756860733034
google/gemma-2-9b,NVIDIA RTX 6000 Ada Generation,1,2,2048,64,0.062383842468261716,1.5910161137580872
google/gemma-2-9b,NVIDIA RTX 6000 Ada Generation,1,4,2048,64,0.12453417778015137,1.7025042414665221
google/gemma-2-9b,NVIDIA RTX 6000 Ada Generation,1,8,2048,64,0.24987034797668456,1.9280184864997862
google/gemma-2-9b,NVIDIA RTX 6000 Ada Generation,1,16,2048,64,0.49759234189987184,2.399614644050598
google/gemma-2-9b,NVIDIA RTX 6000 Ada Generation,1,32,2048,64,0.9915740251541137,3.3230141282081607
google/gemma-2-9b,NVIDIA RTX 6000 Ada Generation,1,64,2048,64,17.017382276058196,6.846070051193237
google/gemma-2-9b,NVIDIA RTX 6000 Ada Generation,1,128,2048,64,34.31102256774902,13.958720004558565
google/gemma-2-9b,NVIDIA RTX 6000 Ada Generation,1,1,2048,128,0.031833088397979735,3.1067450404167176
google/gemma-2-9b,NVIDIA RTX 6000 Ada Generation,1,2,2048,128,0.06298919916152954,3.2436537742614746
google/gemma-2-9b,NVIDIA RTX 6000 Ada Generation,1,4,2048,128,0.12536978721618652,3.4750138878822328
google/gemma-2-9b,NVIDIA RTX 6000 Ada Generation,1,8,2048,128,0.2493566393852234,3.934813141822815
google/gemma-2-9b,NVIDIA RTX 6000 Ada Generation,1,16,2048,128,0.4953831434249878,4.879878520965576
google/gemma-2-9b,NVIDIA RTX 6000 Ada Generation,1,32,2048,128,0.9900688290596008,6.811908209323883
google/gemma-2-9b,NVIDIA RTX 6000 Ada Generation,1,64,2048,128,17.079633748531343,13.727399635314939
google/gemma-2-9b,NVIDIA RTX 6000 Ada Generation,1,128,2048,128,34.23654700517655,27.76165895462036
google/gemma-2-9b,NVIDIA RTX 6000 Ada Generation,1,1,2048,256,0.03160228729248047,6.253597629070281
google/gemma-2-9b,NVIDIA RTX 6000 Ada Generation,1,2,2048,256,0.062278139591217044,6.550855839252472
google/gemma-2-9b,NVIDIA RTX 6000 Ada Generation,1,4,2048,256,0.1248369812965393,7.023846900463104
google/gemma-2-9b,NVIDIA RTX 6000 Ada Generation,1,8,2048,256,0.2484130382537842,7.982447290420532
google/gemma-2-9b,NVIDIA RTX 6000 Ada Generation,1,16,2048,256,0.49543302059173583,9.931716871261596
google/gemma-2-9b,NVIDIA RTX 6000 Ada Generation,1,32,2048,256,0.9919502854347229,13.845277070999146
google/gemma-2-9b,NVIDIA RTX 6000 Ada Generation,1,64,2048,256,17.128805088996888,27.643383324146267
google/gemma-2-9b,NVIDIA RTX 6000 Ada Generation,1,128,2048,256,34.25982705354691,55.08652356863022
google/gemma-2-9b,NVIDIA RTX 6000 Ada Generation,1,1,2048,512,0.03142404556274414,12.554457437992095
google/gemma-2-9b,NVIDIA RTX 6000 Ada Generation,1,2,2048,512,0.06206619739532471,13.175743651390075
google/gemma-2-9b,NVIDIA RTX 6000 Ada Generation,1,4,2048,512,0.12515307664871217,14.201228225231171
google/gemma-2-9b,NVIDIA RTX 6000 Ada Generation,1,8,2048,512,0.2504437923431396,16.31602368354797
google/gemma-2-9b,NVIDIA RTX 6000 Ada Generation,1,16,2048,512,0.4973655462265015,20.50281149148941
google/gemma-2-9b,NVIDIA RTX 6000 Ada Generation,1,32,2048,512,0.9903028726577758,27.92760434150696
google/gemma-2-9b,NVIDIA RTX 6000 Ada Generation,1,64,2048,512,17.098040056228637,55.60661157369613
google/gemma-2-9b,NVIDIA RTX 6000 Ada Generation,1,128,2048,512,34.16866792440415,110.17097561359405